번호,ID,한글이름,일러스트,일러스트 파일이름,속성,난이도,레벨,최초 출현장소,몬스터 타입,등장 대사,전투중 대사,전용 기술,보유 상태,기술1,기술2,기술3,기술4,기술5,기술6,기술7,기술8,기술9,기술10,체력,마나,스테미나,방어력,힘,민첩,지능,인내
001,arya,아리아,,character_181,무,중,11,main2,네임드,너무 깊숙히 들어온거 같아~ 출구는 어디있는거지?<next>배고파.. 스위트롤 먹고 싶어,조금… 만… 더…!,매직 미사일,,매직 미사일,매직 미사일,매직 미사일,얼리기,매직 미사일,얼리기,매직 미사일,매직 미사일,매직 미사일,매직 미사일,140,100,50,0,8,4,10,6
002,christina,크리스티나,,character_182,명,하,8,temple,네임드,이 곳은 외부인 출입금지랍니다~<next>특히 당신같은 사람들은 말이죠...,돌아가주세요…<next>작별입니다,샤이닝 블레이드,,빛의 화살,매직 볼트,강화 마법진,빛의 화살,빛의 화살,빛의 화살,매직 볼트,치료,샤이닝 블레이드,매직 볼트,180,50,60,4,8,8,12,9
003,viola,바이올라,,character_184,무,상,45,grave,네임드,,,힐링 샤워,,,,,,,,,,,,,,,,,,,
004,layla,레이라,,character_187,무,중,22,main3,네임드,,,벌 소환,,,,,,,,,,,,,,,,,,,
005,roxy,록시,,character_188,암,중,2,main1,네임드,이런 곳도 있었네~ 축축하고 어지럽고… 모든게 빛나!,태워버릴거야!,다크 플레임,,쉐도우 볼트,쉐도우 볼트,쉐도우 볼트,쉐도우 볼트,쉐도우 볼트,쉐도우 볼트,쉐도우 볼트,쉐도우 볼트,쉐도우 볼트,다크 플레임,100,25,50,1,3,3,8,4
006,rosetta,로제타,,character_190,무,하,15,main2,네임드,지도 상으로는 여기 근처인거 같은데.. 길이 많이 험난한걸<next>혹시 거기 너도 그 녀석들과 한통속이야?,"라이, 이 쪽이야!",날렵한 회피,,날렵한 회피,회피 기동,정조준 사격,사격,사격,사격,회피 기동,정조준 사격,사격,사격,250,0,300,6,12,18,15,16
007,dirk,더크,,character_191,무,중,9,temple,네임드,선공필승!,죽어랏!,새비지 블로우,,더블 스탭,더블 스탭,더블 스탭,더블 스탭,더블 스탭,더블 스탭,새비지 블로우,더블 스탭,더블 스탭,더블 스탭,180,0,200,4,6,12,9,10
008,blade,블레이드,,character_193,무,상,9,main2,네임드,,"한 수 부탁드리네, 여행자여",블레이드 기사도,,블레이드 기사도,베기,방어,베기,베기,방어,베기,베기,방어,베기,220,0,150,8,13,10,9,12
009,hawkeye,호크아이,,character_194,무,하,7,main2,네임드,좋아 이 정도 거리라면…<next>으악! 언제 이렇게 거리를 좁힌거냐!,"자, 움직이지 말라고…",이중 사격,,사격,사격,이중 사격,사격,정조준 사격,사격,회복약,사격,사격,사격,150,0,160,5,8,12,10,8
010,shadow,쉐도우,,character_195,암,하,13,tunnel,네임드,어이 잠깐<next>이 곳을 지나려면 통행세를 내야하지<next>물론 지불할 용의는 없겠지만,조금 따끔할거야,피어스 키스,,테러 블레이드,고급 폭탄,고급 폭탄,피어스 키스,약화,테러 블레이드,고급 폭탄,폭탄,폭탄,폭탄,225,0,225,1,9,17,10,12
011,liz,리즈,,character_200,,,0,,메인던전 보스,,,,,,,,,,,,,,,,,,,,,,
012,dixon,딕슨,,character_201,무,중,10,temple,네임드,당신때문일까? 모든게 잘못되었던건…<next>뭐 이젠 상관없어,,,,베기,맹렬한 일격,방어,베기,집중,회복약,베기,베기,베기,맹렬한 일격,180,30,160,2,11,11,11,11
013,ester,에스터,,character_203,무,하,15,main2,네임드,키노 멈춰! 그건 먹이가 아니야!,자아앗 물어라!,트윈 프리즈,,사격,사격,트윈 프리즈,사격,사격,사격,사격,트윈 프리즈,사격,사격,200,50,200,11,15,16,15,15
014,athena,아테나,,character_204,무,상,35,main4,네임드,,,사이클론,,,,,,,,,,,,,,,,,,,
015,mage,마법사,,character_205,무,중,16,main3,일반,,,,,빛의 화살,매직 미사일,얼리기,아이스 애로우,전격,매직 미사일,약화,빛의 화살,전격,아이스 애로우,,,,,,,,
016,flora,플로라,,character_206,독,중,4,main1,네임드,,잠깐 실례,독 안개,,독 안개,독 화살,사격,방어,독 화살,사격,방어,독 화살,사격,방어,120,30,100,4,7,9,4,7
017,siu,시우,,character_208,화,상,21,main3,네임드,,,승화,,,,,,,,,,,,,,,,,,,
018,pixie,픽시,,character_209,명,중,38,grave,일반,,,,,,,,,,,,,,,,,,,,,,
019,little_pixie,리틀 픽시,,character_210,명,중,36,grave,일반,,,,,,,,,,,,,,,,,,,,,,
020,spencer_knight,'스펜서' 기사,,character_214,무,중,31,canyon,일반,,,,,,,,,,,,,,,,,,,,,,
021,hellmore_knight,'헬모어' 기사,,character_215,무,상,32,canyon,일반,,,,,,,,,,,,,,,,,,,,,,
022,april,에이프릴,,character_216,무,하,13,tunnel,네임드,,,트리플 스탭,,회피 기동,베기,베기,트리플 스탭,집중,고급 폭탄,베기,더블 스탭,베기,더블 스탭,170,0,250,6,12,15,12,13
023,starhunter,스타헌터,,character_217,플라즈마,상,42,main4,네임드,,,묠니르,,,,,,,,,,,,,,,,,,,
024,flower_fairy,꽃의 요정,,character_218,명,중,40,grave,일반,,,,,,,,,,,,,,,,,,,,,,
025,isabella,이사벨라,,character_220,수,중,28,garden,네임드,,,재생의 노래,,,,,,,,,,,,,,,,,,,
026,ocean_gardener,garden사,,character_221,수,중,25,garden,일반,,,,,,,,,,,,,,,,,,,,,,
027,carmela,카멜라,,character_225,암,하,35,necropolis,네임드,,,흡혈,,,,,,,,,,,,,,,,,,,
028,ruby,루비,,character_224,무,상,11,temple,네임드,,,매직 블라스트,,매직 볼트,회복,매직 블라스트,매직 볼트,매직 볼트,매직 블라스트,회복,매직 볼트,매직 볼트,매직 볼트,150,80,100,5,9,9,11,10
029,executioner,집행자,,character_227,무,상,12,tunnel,일반,,,,,아드레날린,가르기,테러 블레이드,방어,가르기,가르기,테러 블레이드,분노,가르기,가르기,200,0,180,1,18,13,5,13
030,amber,앰버,,character_228,무,중,18,main3,네임드,,,위스프 소환,,위스프 소환,빛의 화살,빛의 화살,전격,위스프 소환,빛의 화살,전격,전격,빛의 화살,빛의 화살,,,,,,,,
031,dominic,도미닉,,character_229,혼돈,중,46,inferno,네임드,,,몽상,,,,,,,,,,,,,,,,,,,
032,sword_magician,어검술사,,character_230,무,상,41,grave,일반,,,,,,,,,,,,,,,,,,,,,,
033,sofia,소피아,,character_232,수,중,30,garden,네임드,,,하이드로 펌프,,,,,,,,,,,,,,,,,,,
034,jasmine_stella,자스민 스텔라,,character_233,명,중,48,grave,grave 보스,,,스피릿 미스트,,,,,,,,,,,,,,,,,,,
035,tania,타니아,,character_235,무,중,51,monolith,네임드,,,다크 체이서,,,,,,,,,,,,,,,,,,,
036,gilmore,길모어,,character_124,무,상,40,canyon,canyon 보스,,,마운틴 슬래셔,,,,,,,,,,,,,,,,,,,
037,dixie,딕시,,character_125,혼돈,하,35,pandemonium,네임드,,,악마의 포옹,,,,,,,,,,,,,,,,,,,
038,tricia,트리시아,,character_127,무,중,31,forest,네임드,,,애로우 레인,,,,,,,,,,,,,,,,,,,
039,darkhunter_santos,다크헌터 산토스,,character_128,무,상,53,monolith,네임드,,,아이언 클로,,,,,,,,,,,,,,,,,,,
040,caesar,시저,,character_131,무,중,34,canyon,네임드,,,엣지 스트라이크,,,,,,,,,,,,,,,,,,,
041,everheart,에버하트,,character_136,무,중,11,main2,네임드,,,발도,,집중,베기,베기,베기,집중,발도,베기,방어,베기,베기,220,0,150,6,14,12,13,10
042,edna,에드나,,character_137,무,중,33,canyon,네임드,,,하트시커,,,,,,,,,,,,,,,,,,,
043,kyle,카일,,character_138,무,중,33,canyon,네임드,,,하트사이드,,,,,,,,,,,,,,,,,,,
044,forest_fairy_1,숲의 요정,,character_139,무,중,30,forest,일반,,,,,,,,,,,,,,,,,,,,,,
045,forest_fairy_2,숲의 요정,,character_140,무,중,30,forest,일반,,,,,,,,,,,,,,,,,,,,,,
046,rachel,레이첼,,character_141,무,중,40,main4,네임드,,,센티넬 가드,,,,,,,,,,,,,,,,,,,
047,hellmore_soldier,'헬모어' 병사,,character_142,무,중,31,canyon,일반,,,,,,,,,,,,,,,,,,,,,,
048,haze,헤이즈,,character_143,심연,중,32,pandemonium,네임드,,,퍼플 레이저,,,,,,,,,,,,,,,,,,,
049,andrew_marsh,앤드류 마쉬,,character_146,,,0,,NPC,,,,,,,,,,,,,,,,,,,,,,
050,glenn,글렌,,character_147,무,하,20,main3,네임드,,,글레셜 스피어,,아이스 실드,아이스 애로우,아이스 애로우,아이스 볼트,강화 마법진,글레셜 스피어,아이스 볼트,아이스 애로우,글레셜 스피어,아이스 볼트,,,,,,,,
051,veronica,베로니카,,character_148,독,중,17,main3,네임드,,,절독,,독침,절독,모래 바람,모래 바람,독 화살,독침,독 화살,독 화살,모래 바람,독 화살,,,,,,,,
052,savior,자비엘,,character_149,혼돈,상,48,inferno,네임드,,,디아볼라이즈,,,,,,,,,,,,,,,,,,,
053,sylvia,실비아,,character_150,화,하,29,main3,네임드,,,플레임 댄스,,,,,,,,,,,,,,,,,,,
054,tina,티나,,character_152,,,0,,NPC,,,,,,,,,,,,,,,,,,,,,,
055,domingo,도밍고,,character_153,플라즈마,상,51,monolith,네임드,,,포톤 필드,,,,,,,,,,,,,,,,,,,
056,anastasia,아나스타샤,,character_154,수,하,34,garden,garden 보스,,,멸망의 노래,,,,,,,,,,,,,,,,,,,
057,siren,세이렌,,character_155,수,상,26,garden,일반,,,,,,,,,,,,,,,,,,,,,,
058,aqualist,아쿠아리스트,,character_156,수,상,27,garden,일반,,,,,,,,,,,,,,,,,,,,,,
059,agnes,아그네스,,character_157,혼돈,상,37,necropolis,네임드,,,데스 레이,,,,,,,,,,,,,,,,,,,
060,seraph,세라프,,character_158,질서,중,12,temple,네임드,,,선라이즈 스트라이크,,매직 볼트,신성한 바람,신성한 바람,스타폴,선라이즈 스트라이크,스타폴,강화 마법진,빛의 화살,신성한 바람,신성한 바람,190,60,100,3,10,9,15,12
061,yujung,유정,,character_162,무,중,33,canyon,네임드,,,합일,,,,,,,,,,,,,,,,,,,
062,julius,율리우스,,character_161,무,상,45,grave,네임드,,,어나힐레이터,,,,,,,,,,,,,,,,,,,
063,omen,오멘,,character_165,혼돈,중,49,inferno,네임드,,,붕괴,,,,,,,,,,,,,,,,,,,
064,nazareth,나자레스,,character_171,독,중,12,tunnel,네임드,,,데들리 게이저,,독침,독 해골,저주,저주,석화,독 해골,독침,독침,독 해골,데들리 게이저,200,40,150,2,11,13,11,10
065,seth,세스,,character_177,심연,상,56,monolith,네임드,,,심판,,,,,,,,,,,,,,,,,,,
066,noel,노엘,,character_174,질서,중,25,main3,네임드,,,강철의 의지,,,,,,,,,,,,,,,,,,,
067,harris,해리스,,character_180,무,중,32,forest,네임드,,,참철식,,,,,,,,,,,,,,,,,,,
068,dwarf_soldier,드워프 병사,,character_66,무,중,32,canyon,일반,,,,,,,,,,,,,,,,,,,,,,
069,dwarf_veteran_soldier,드워프 숙련 병사,,character_67,무,상,34,canyon,일반,,,,,,,,,,,,,,,,,,,,,,
070,dwarf_blacksmith,드워프 대장장이,,character_68,무,하,32,canyon,일반,,,,,,,,,,,,,,,,,,,,,,
071,centaur_hunter,켄타우로스 사냥꾼,,character_70,무,중,34,forest,일반,,,,,,,,,,,,,,,,,,,,,,
072,serena,세레나,,character_75,무,하,34,forest,네임드,,,피닉스 애로우,,,,,,,,,,,,,,,,,,,
073,rain,레인,,character_77,질서,상,43,grave,네임드,,,엘레노어,,,,,,,,,,,,,,,,,,,
074,arcana,아르카나,,character_78,무,하,29,garden,네임드,,,엘레멘탈 슈레더,,,,,,,,,,,,,,,,,,,
075,clayton,클레이튼,,character_88,무,하,7,main1,네임드,,,,,함성,베기,베기,베기,돌진,함성,분노,베기,베기,베기,180,0,150,1,11,4,6,15
076,sergio,세르지오,,character_89,화,중,43,main4,네임드,,,버닝 이레이저,,,,,,,,,,,,,,,,,,,
077,myers,마이어스,,character_91,질서,상,50,monolith,네임드,,,백색 파괴광선,,,,,,,,,,,,,,,,,,,
078,gracia,그라시아,,character_92,무,중,33,forest,네임드,,,페이탈 바인,,,,,,,,,,,,,,,,,,,
079,bolten,볼튼,,character_97,무,중,23,main3,네임드,,,글래디에이터,,,,,,,,,,,,,,,,,,,
080,rose,로즈,,character_98,독,중,19,main3,네임드,,,뱀 소환,,독 화살,물기,뱀 소환,극독,물어뜯기,치료,독 화살,물어뜯기,물어뜯기,독 화살,,,,,,,,
081,carson,카슨,,character_101,화,상,41,grave,네임드,,,피닉스 스톰,,,,,,,,,,,,,,,,,,,
082,marcella,마르셀라,,character_102,무,중,39,main4,네임드,,,멜팅 스트라이크,,,,,,,,,,,,,,,,,,,
083,herman,허먼,,character_104,무,상,29,main3,네임드,,,와일드 엑스,,,,,,,,,,,,,,,,,,,
084,leo_1,레오,,character_106,무,중,16,main3,네임드,,,거대 가르기,,가르기,가르기,방어,거대 가르기,맹렬한 일격,맹렬한 일격,돌진,돌진,방어,거대 가르기,,,,,,,,
085,leo_2,레오,,character_105,무,중,39,main4,네임드,,,거대 가르기,,,,,,,,,,,,,,,,,,,
086,gabriel,가브리엘,,character_113,질서,중,44,main4,네임드,,,천상의 축복,,,,,,,,,,,,,,,,,,,
087,ramsay,람제이,,character_115,무,상,35,canyon,네임드,,,아이시클 실드,,,,,,,,,,,,,,,,,,,
088,fire_spirit,불의 정령,,character_116,화,상,39,grave,일반,,,,,,,,,,,,,,,,,,,,,,
089,craig,크레이그,,character_117,무,중,18,main3,네임드,,,도발,,도발,더블 스탭,더블 스탭,폭탄,독침,회복약,폭탄,폭탄,더블 스탭,폭탄,,,,,,,,
090,luna,루나,,character_2,수,하,10,tunnel,네임드,,,초재생,,아이스 애로우,아이스 애로우,초재생,광합성,아이스 실드,아이스 애로우,아이스 애로우,아이스 애로우,아이스 실드,아이스 애로우,120,50,50,4,9,8,7,5
091,clay,클레이,,character_5,무,중,30,main3,네임드,,,룬 슬래셔,,,,,,,,,,,,,,,,,,,
092,adele,아델,,character_7,암,상,32,necropolis,네임드,,,매직 리버설,,,,,,,,,,,,,,,,,,,
093,stark,스타크,,character_8,화,중,21,main3,네임드,,,블레이즈 스텝,,,,,,,,,,,,,,,,,,,
094,tristan,트리스탄,,character_11,질서,상,52,monolith,네임드,,,아스트로레이,,,,,,,,,,,,,,,,,,,
095,tempest,템페스트,,character_12,플라즈마,상,43,main4,네임드,,,드래곤 팬텀,,,,,,,,,,,,,,,,,,,
096,bowen,보웬,,character_14,무,상,33,canyon,네임드,,,대포,,,,,,,,,,,,,,,,,,,
097,trudy,트루디,,character_16,심연,상,40,necropolis,네임드,,,니게이터,,,,,,,,,,,,,,,,,,,
098,valentine,발렌타인,,character_20,무,중,17,main3,네임드,,,맹수 조련,,약화,물어뜯기,맹수 조련,물어뜯기,물어뜯기,블러디 피어스,돌진,물어뜯기,물어뜯기,블러디 피어스,,,,,,,,
099,vega,베가,,character_21,암,중,37,pandemonium,네임드,,,징크스,,,,,,,,,,,,,,,,,,,
100,salvador,살바도르,,character_26,무,하,12,main2,네임드,,,탐욕,,탐욕,더블 스탭,더블 스탭,고급 폭탄,더블 스탭,위협,고급 폭탄,더블 스탭,고급 폭탄,고급 폭탄,300,0,180,0,9,12,11,18
101,vans,반스,,character_36,수,중,31,garden,네임드,,,포세이돈의 분노,,,,,,,,,,,,,,,,,,,
102,romero,로메로,,character_41,심연,상,40,main4,네임드,,,다크 매터,,,,,,,,,,,,,,,,,,,
103,forest_guardian_1,숲의 수호자,,character_40,독,중,31,forest,일반,,,,,,,,,,,,,,,,,,,,,,
104,forest_guardian_2,숲의 수호자,,character_43,독,중,31,forest,일반,,,,,,,,,,,,,,,,,,,,,,
105,forest_monk,숲의 승려,,character_47,독,하,32,forest,일반,,,,,,,,,,,,,,,,,,,,,,
106,dwarf_general,드워프 장군,,character_44,무,중,35,canyon,일반,,,,,,,,,,,,,,,,,,,,,,
107,thief,도적,,character_48,암,중,12,tunnel,일반,,,,,폭탄,베기,폭탄,폭탄,더블 스탭,테러 블레이드,베기,폭탄,더블 스탭,더블 스탭,200,20,180,0,13,13,13,10
108,haley,헤일리,,character_49,명,중,35,forest,네임드,,,무지개빛 가루,,,,,,,,,,,,,,,,,,,
109,raina,레이나,,character_53,암,상,46,inferno,네임드,,,마탄 사격,,,,,,,,,,,,,,,,,,,
110,spencer_soldier_1,'스펜서' 병사,,character_55,명,중,30,canyon,일반,,,,,,,,,,,,,,,,,,,,,,
111,spencer_soldier_2,'스펜서' 병사,,character_56,명,중,30,canyon,일반,,,,,,,,,,,,,,,,,,,,,,
112,trevor,트레버,,character_57,화,하,38,main4,네임드,,,섬화,,,,,,,,,,,,,,,,,,,
113,wendel,웬델,,character_59,화,중,39,grave,네임드,,,샐러맨더 테일,,,,,,,,,,,,,,,,,,,
114,barmog,바모그,,creature_1,암,하,30,pandemonium,일반,,,,,,,,,,,,,,,,,,,,,,
115,abomination,어보미네이션,,creature_2,혼돈,상,33,pandemonium,일반,,,,,,,,,,,,,,,,,,,,,,
116,shadow_fiend,쉐도우 핀드,,creature_3,심연,상,47,monolith,일반,,,,,,,,,,,,,,,,,,,,,,
117,wind_spirit,바람의 정령,,creature_4,수,중,39,grave,일반,,,,,,,,,,,,,,,,,,,,,,
118,iron_lizard,아이언 리자드,,creature_5,무,상,40,main4,일반,,,,,,,,,,,,,,,,,,,,,,
119,giant_ant,거대 불개미,,creature_9,독,중,10,main2,일반,,,,,갑각,할퀴기,할퀴기,할퀴기,할퀴기,산성 침,할퀴기,독침,할퀴기,할퀴기,200,20,90,9,12,9,5,10
120,chaos_clown,카오스 피에로,,creature_12,혼돈,상,44,inferno,일반,,,,,,,,,,,,,,,,,,,,,,
121,abyssal_beast,심연의 마수,,creature_13,심연,상,45,inferno,일반,,,,,,,,,,,,,,,,,,,,,,
122,arahant,아라한,,creature_15,질서,상,48,monolith,일반,,,,,,,,,,,,,,,,,,,,,,
123,android_soldier,안드로이드 병사,,creature_16,무,중,8,temple,일반,,,,,사격,사격,사격,재생,사격,사격,빛의 화살,사격,사격,사격,150,30,100,3,9,11,10,9
124,sir_timothy,티모시 경,,creature_17,질서,상,15,temple,temple 보스,,,재구성,,레이저 광선,가르기,가르기,집중,재구성,레이저 광선,전격,전격,레이저 광선,레이저 광선,280,50,200,16,20,20,18,18
125,android_knight,안드로이드 기사,,creature_18,명,중,10,temple,일반,,,,,빛의 화살,빛의 화살,재생,빛의 화살,빛의 화살,빛의 화살,집중,빛의 화살,빛의 화살,빛의 화살,180,50,120,5,13,14,7,9
126,immature_skyper,어린 스카이퍼,,creature_23,수,하,9,main2,일반,,,,,매직 볼트,매직 볼트,매직 볼트,매직 볼트,스타폴,매직 볼트,스타폴,매직 볼트,매직 볼트,매직 볼트,180,50,180,1,6,10,15,8
127,dream_eater,드림 이터,,creature_27,심연,상,47,monolith,일반,,,,,,,,,,,,,,,,,,,,,,
128,hell_hound,헬 하운드,,creature_29,혼돈,중,36,pandemonium,일반,,,,,,,,,,,,,,,,,,,,,,
129,glass_snake,유리 뱀,,creature_30,혼돈,중,44,main4,일반,,,,,,,,,,,,,,,,,,,,,,
130,hellfly,지옥의 파리,,creature_31,독,중,17,main3,일반,,,,,감염,할퀴기,물기,독침,할퀴기,할퀴기,독침,물기,할퀴기,물기,,,,,,,,
131,fire_mage,화염술사,,creature_33,화,상,42,inferno,일반,,,,,,,,,,,,,,,,,,,,,,
132,soul_wolf,영혼 늑대,,creature_36,암,하,9,tunnel,일반,,,,,저주,물기,물기,회피 기동,약화,물기,물기,물기,물기,물기,165,0,90,0,12,11,11,12
133,black_dragon,블랙 드래곤,,creature_37,암,중,36,necropolis,일반,,,,,,,,,,,,,,,,,,,,,,
134,ancient_dragon,고룡,,creature_40,심연,상,50,monolith,일반,,,,,,,,,,,,,,,,,,,,,,
135,bone_dragon,본 드래곤,,creature_41,암,중,35,necropolis,일반,,,,,,,,,,,,,,,,,,,,,,
136,haetae,해태,,creature_42,무,중,25,main3,일반,,,,,,,,,,,,,,,,,,,,,,
137,tiger,호랑이,,creature_43,무,중,6,main2,일반,,,,,위협,할퀴기,할퀴기,위협,할퀴기,할퀴기,아드레날린,할퀴기,할퀴기,할퀴기,180,0,150,5,12,13,8,12
138,cat_man,고양이 인간,,creature_44,무,중,40,grave,일반,,,,,,,,,,,,,,,,,,,,,,
139,centaur_fighter,켄타우로스_전사,,creature_45,무,상,35,forest,일반,,,,,,,,,,,,,,,,,,,,,,
140,reaper,저승사자,,creature_47,지옥불,상,41,inferno,일반,,,,,,,,,,,,,,,,,,,,,,
141,jiro,지로,,creature_51,심연,상,38,pandemonium,일반,,,,,,,,,,,,,,,,,,,,,,
142,bara,바라,,creature_55,암,상,38,main4,일반,,,,,,,,,,,,,,,,,,,,,,
143,xairoth,자이로스,,creature_56,화,중,43,inferno,일반,,,,,,,,,,,,,,,,,,,,,,
144,shadow_imp,그림자 임프,,creature_54,암,하,10,tunnel,일반,,,,,저주,그림자 밟기,매직 볼트,매직 볼트,매직 볼트,그림자 밟기,매직 볼트,그림자 밟기,저주,매직 볼트,100,60,60,6,8,8,10,6
145,ra,라,,creature_60,,,60,monolith,메인던전 보스,,,,,,,,,,,,,,,,,,,,,,
146,iron_dragon,아이언 드래곤,,creature_63,암,중,31,necropolis,일반,,,,,,,,,,,,,,,,,,,,,,
147,beast_tamer,마수 조련사,,creature_65,암,중,32,forest,일반,,,,,,,,,,,,,,,,,,,,,,
148,spirit_of_brilliance,광휘의 정령,,creature_67,플라즈마,상,48,monolith,일반,,,,,,,,,,,,,,,,,,,,,,
149,rune_mage,룬 마법사,,creature_72,질서,상,39,pandemonium,일반,,,,,,,,,,,,,,,,,,,,,,
150,invisible_knight,투명 기사,,creature_76,암,중,11,tunnel,일반,,,,,베기,방어,그림자 밟기,저주,베기,저주,그림자 밟기,베기,그림자 밟기,베기,210,40,120,0,12,10,10,15
151,baby_firedragon,새끼 화룡,,creature_85,화,하,14,main2,일반,,,,,물기,물기,물어뜯기,물기,화염방사,물어뜯기,화염방사,물기,화염방사,물어뜯기,220,50,190,8,16,14,14,16
152,chimera,키메라,,creature_86,혼돈,중,31,pandemonium,일반,,,,,,,,,,,,,,,,,,,,,,
153,basilisk,바실리스크,,creature_91,무,상,17,main3,일반,,,,,물어뜯기,독침,석화,박치기,회피 기동,독침,물어뜯기,찢어발기기,박치기,독침,,,,,,,,
154,electric_golem,전기 골렘,,creature_92,플라즈마,상,46,inferno,일반,,,,,,,,,,,,,,,,,,,,,,
155,chaotic_grimoire,혼돈의 마도서,,creature_94,혼돈,상,35,pandemonium,일반,,,,,,,,,,,,,,,,,,,,,,
156,hell_sentinel,헬 센티넬,,creature_99,심연,상,48,inferno,일반,,,,,,,,,,,,,,,,,,,,,,
157,hell_mage,지옥술사,,creature_100,암,중,30,pandemonium,일반,,,,,,,,,,,,,,,,,,,,,,
158,pos-103,POS-103,,creature_101,독,중,20,main3,일반,,,,,레이저 광선,레이저 광선,레이저 광선,레이저 광선,레이저 광선,재생,레이저 광선,레이저 광선,레이저 광선,레이저 광선,,,,,,,,
159,fire_goblin,불도깨비,,creature_96,화,중,11,main2,일반,,,,,강타,불의 문신,강타,분노,강타,강타,강타,위협,강타,강타,250,0,150,0,19,11,12,11
160,death,데스,,creature_102,심연,상,44,necropolis,necropolis 보스,,,사신의 낫,,,,,,,,,,,,,,,,,,,
161,imp,임프,,creature_106,화,하,8,main2,일반,,,,,파이어볼,매직 볼트,매직 볼트,방어,파이어볼,파이어볼,매직 볼트,매직 볼트,매직 볼트,매직 볼트,150,80,80,2,10,11,12,10
162,genie,지니,,creature_108,무,중,41,grave,일반,,,,,,,,,,,,,,,,,,,,,,
163,vampire,뱀파이어,,creature_109,암,중,36,necropolis,일반,,,,,,,,,,,,,,,,,,,,,,
164,skyper,스카이퍼,,creature_113,명,중,18,main3,일반,,,,,매직 미사일,매직 미사일,꼬리 흔들기,파괴광선,매직 미사일,매직 미사일,매직 미사일,강화 마법진,파괴광선,매직 미사일,,,,,,,,
165,baby_skyper,아기 스카이퍼,,creature_114,명,하,2,main1,일반,,,,,페인트,물기,물기,매직 볼트,박치기,물기,물기,매직 볼트,물기,매직 볼트,50,10,0,3,5,6,6,5
166,forest_spirit,숲의 정령,,creature_116,명,중,41,grave,일반,,,,,,,,,,,,,,,,,,,,,,
167,trent,트렌트,,creature_120,수,중,33,forest,일반,,,,,,,,,,,,,,,,,,,,,,
168,fjord,피오르드,,creature_121,명,중,43,grave,일반,,,,,,,,,,,,,,,,,,,,,,
169,dulachan,듀라한,,creature_115,혼돈,상,47,inferno,일반,,,,,,,,,,,,,,,,,,,,,,
170,living_armor,리빙 아머,,creature_124,무,중,31,canyon,일반,,,,,,,,,,,,,,,,,,,,,,
171,ocean_stingray,심해 가오리,,creature_126,암,하,25,garden,일반,,,,,,,,,,,,,,,,,,,,,,
172,frankenstein,프랑켄슈타인,,creature_131,암,중,32,necropolis,일반,,,,,,,,,,,,,,,,,,,,,,
173,vahagani,바하가니,,creature_137,혼돈,상,49,monolith,일반,,,,,,,,,,,,,,,,,,,,,,
174,harpy,하피,,creature_136,암,중,27,main3,일반,,,,,,,,,,,,,,,,,,,,,,
175,redback_spider,붉은 등 거미,,creature_146,독,중,23,main3,일반,,,,,,,,,,,,,,,,,,,,,,
176,ghoul,구울,,creature_145,암,중,10,tunnel,일반,,,,,부패,찢어발기기,찢어발기기,감염,저주,찢어발기기,감염,찢어발기기,감염,부패,180,0,80,4,13,11,12,12
177,burning_soul,불타는 영혼,,creature_144,암,상,36,necropolis,일반,,,,,,,,,,,,,,,,,,,,,,
178,polar_bear,북극곰,,creature_147,명,중,18,main3,일반,,,,,위협,할퀴기,눈보라,분노,찢어발기기,할퀴기,찢어발기기,분노,분노,할퀴기,,,,,,,,
179,giant_bear,거대 곰,,creature_148,무,중,13,main2,일반,,,,,위협,할퀴기,광분,찢어발기기,물어뜯기,할퀴기,물어뜯기,찢어발기기,찢어발기기,할퀴기,280,0,215,4,17,14,6,15
180,sacred_boar,신성한 멧돼지,,creature_149,무,중,19,main3,일반,,,,,위협,광분,분노,박치기,물어뜯기,광분,박치기,분노,박치기,박치기,,,,,,,,
181,giant_boar,거대 멧돼지,,creature_150,무,중,14,main2,일반,,,,,위협,박치기,박치기,분노,박치기,박치기,위협,분노,박치기,물어뜯기,300,0,220,4,18,13,5,18
182,mantis,맨티스,,creature_153,독,중,31,forest,일반,,,,,,,,,,,,,,,,,,,,,,
183,electric_jellyfish,전기 해파리,,creature_154,플라즈마,중,42,main4,일반,,,,,,,,,,,,,,,,,,,,,,
184,tentacle_worm,촉수 벌레,,creature_155,혼돈,중,39,main4,일반,,,,,,,,,,,,,,,,,,,,,,
185,komodo_dragon,코모도 도마뱀,,creature_156,무,상,22,main3,일반,,,,,,,,,,,,,,,,,,,,,,
186,rat,쥐,,creature_159,무,하,1,main1,일반,,,,,할퀴기,할퀴기,할퀴기,할퀴기,할퀴기,할퀴기,할퀴기,할퀴기,할퀴기,할퀴기,30,0,0,2,5,2,2,3
187,shark,상어,,creature_161,무,중,26,garden,일반,,,,,,,,,,,,,,,,,,,,,,
188,horn_shark,뿔 상어,,creature_162,무,중,28,garden,일반,,,,,,,,,,,,,,,,,,,,,,
189,arachne,아라크네,,creature_164,독,상,37,pandemonium,네임드,,,아라크네의 거미줄,,,,,,,,,,,,,,,,,,,
190,giant_frog,거대 개구리,,creature_166,독,중,21,main3,일반,,,,,,,,,,,,,,,,,,,,,,
191,tarantula,타란튤라,,creature_165,독,중,13,tunnel,일반,,,,,거미줄,회피 기동,극독,거미줄,거미줄,극독,물어뜯기,물어뜯기,거미줄,물어뜯기,170,50,210,6,12,16,5,14
192,wolf,늑대,,creature_167,무,하,2,main1,일반,,,,,위협,물기,물기,물기,물기,위협,물기,위협,물기,위협,60,0,60,0,4,5,5,4
193,desert_worm,사막 벌레,,creature_168,무,상,13,tunnel,일반,,,,,독침,모래바람,모래바람,모래바람,독침,독침,모래바람,모래바람,독침,모래바람,220,60,120,3,16,10,10,14
194,bat,박쥐,,creature_169,무,하,1,main1,일반,,,,,할퀴기,할퀴기,할퀴기,할퀴기,할퀴기,할퀴기,할퀴기,할퀴기,할퀴기,할퀴기,40,0,0,0,2,5,2,3
195,hell_dominator,지옥의 지배자,,creature_170,지옥불,상,50,inferno,일반,,,,,,,,,,,,,,,,,,,,,,
196,fishman,수인,,creature_171,수,중,27,garden,일반,,,,,,,,,,,,,,,,,,,,,,
197,goblin_chief,고블린 대장,,creature_172,무,중,8,main2,일반,,,,,베기,베기,분노,방어,베기,맹렬한 일격,베기,방어,베기,베기,160,25,125,6,13,12,10,13
198,goblin,고블린,,creature_173,무,하,4,main1,일반,,,,,박치기,베기,함성,베기,베기,박치기,베기,베기,베기,베기,60,0,80,3,8,6,3,6
199,grave_robber,도굴꾼,,creature_178,암,하,10,tunnel,일반,,,,,감염,할퀴기,할퀴기,부패,할퀴기,부패,부패,할퀴기,할퀴기,할퀴기,190,30,160,5,12,12,11,11
200,eliminator,엘리미네이터,,creature_182,심연,상,16,tunnel,tunnel 보스,,,집어삼키기,,물어뜯기,물어뜯기,강타,재생,물어뜯기,물어뜯기,강타,집어삼키기,강타,물어뜯기,333,50,333,8,22,18,17,18
201,golem,골렘,,creature_174,무,중,12,temple,일반,,,,,강화 마법진,매직 볼트,강타,강타,치료,강타,매직 볼트,강타,치료,강타,200,60,150,15,16,7,12,13
202,giant_snake,거대 뱀,,creature_185,독,중,11,main2,일반,,,,,물어뜯기,물어뜯기,물어뜯기,물어뜯기,물어뜯기,물어뜯기,물어뜯기,물어뜯기,물어뜯기,물어뜯기,195,0,140,8,13,13,10,13
203,eagle_owl,수리부엉이,,creature_186,무,하,3,main1,일반,,,,,할퀴기,할퀴기,할퀴기,할퀴기,할퀴기,할퀴기,위협,할퀴기,할퀴기,할퀴기,50,0,20,1,7,6,7,6
204,abyssal_demon,심연의 악마,,creature_187,심연,상,50,monolith,일반,,,,,,,,,,,,,,,,,,,,,,
205,bareesa,바르사,,creature_189,무,하,11,temple,일반,,,,,전격,신성한 바람,전격,전격,전격,신성한 바람,폭탄,전격,폭탄,신성한 바람,150,60,220,7,8,14,15,7
206,hermit_crab,소라게,,creature_191,무,하,4,main1,일반,,,,,물기,물기,물기,물기,물기,물기,물기,물기,물기,물기,50,0,0,12,4,4,2,11
207,set,세트,,creature_197,질서,상,46,monolith,일반,,,,,,,,,,,,,,,,,,,,,,
208,holy,홀리,,creature_202,암,상,39,main4,네임드,,,처형의 낫,,,,,,,,,,,,,,,,,,,
209,katana,카타나,,creature_205,혼돈,상,45,inferno,일반,,,,,,,,,,,,,,,,,,,,,,
210,balaraak,발라라크,,creature_204,심연,상,44,inferno,일반,,,,,,,,,,,,,,,,,,,,,,
211,hound,사냥개,,creature_206,무,중,7,main2,일반,,,,,분노,할퀴기,물기,할퀴기,할퀴기,분노,할퀴기,아드레날린,할퀴기,할퀴기,170,0,180,4,9,14,9,10
212,kerberos,케르베로스,,creature_215,지옥불,상,41,inferno,일반,,,,,,,,,,,,,,,,,,,,,,
213,weasel_blademaster,족제비 검객,,creature_212,무,하,6,main1,일반,,,,,회피 기동,베기,베기,가르기,베기,베기,가르기,베기,베기,가르기,70,0,100,5,9,12,4,6
214,burning_pumpkin,불타는 호박,,creature_210,화,하,13,tunnel,일반,,,,,폭탄,폭탄,폭탄,파이어볼,불의 문신,파이어볼,파이어볼,폭탄,폭탄,폭탄,200,80,80,0,15,14,14,15
215,rokurokubi,뱀술사,,creature_208,암,중,15,main2,일반,,,,,저주,저주,방어,그림자 밟기,방어,방어,저주,그림자 밟기,저주,저주,250,55,155,9,16,18,19,17
216,nine-tailed_fox,구미호,,creature_226,화,중,20,main3,일반,,,,,불의 문신,화염방사,여우불,여우불,여우불,꼬리 흔들기,여우불,여우불,여우불,화염방사,,,,,,,,
217,hornet,독뿔 말벌,,creature_216,독,중,14,main2,일반,,,,,독침,박치기,광분,박치기,독침,박치기,광분,독침,박치기,박치기,160,0,280,15,16,20,15,15
218,seedling,묘목,,creature_222,수,하,30,forest,일반,,,,,,,,,,,,,,,,,,,,,,
219,lizard,리자드,,creature_230,수,중,12,main2,일반,,,,,베기,폭탄,폭탄,위협,폭탄,폭탄,방어,베기,폭탄,베기,235,0,160,3,14,10,8,20
220,fire_fox,불 여우,,creature_220,화,하,10,temple,일반,,,,,할퀴기,여우불,발화,여우불,할퀴기,여우불,여우불,할퀴기,여우불,여우불,160,60,110,7,10,13,14,8
221,jiangshi,강시,,creature_225,암,하,33,necropolis,일반,,,,,,,,,,,,,,,,,,,,,,
222,mermaid,인어,,creature_232,수,중,26,main3,일반,,,,,,,,,,,,,,,,,,,,,,
223,asmodeus,아스모데우스,,creature_233,심연,상,42,pandemonium,pandemonium 보스,,,디멘션 스피어,,,,,,,,,,,,,,,,,,,
224,skeleton_mage,해골 마법사,,creature_236,암,중,13,main2,일반,,,,,고급 폭탄,저주,저주,독 해골,폭탄,폭탄,독 해골,폭탄,폭탄,폭탄,215,55,165,7,14,10,17,13
225,lizard_mage,도마뱀 마법사,,creature_237,무,중,22,main3,일반,,,,,,,,,,,,,,,,,,,,,,
226,cursed_doll,움직이는 인형,,creature_238,혼돈,중,19,main3,일반,,,,,가르기,최면,저주,가르기,가르기,최면,가르기,가르기,최면,가르기,,,,,,,,
227,mandragdra,만드라고라,,creature_239,수,중,33,forest,일반,,,,,,,,,,,,,,,,,,,,,,
228,man-eater,백상아리,,creature_248,수,중,30,garden,일반,,,,,,,,,,,,,,,,,,,,,,
229,minotaur,미노타우르스,,creature_245,무,중,17,main3,일반,,,,,함성,가르기,박치기,박치기,함성,함성,박치기,가르기,방어,가르기,,,,,,,,
230,ancient_vampire,고대 뱀파이어,,creature_257,심연,상,42,inferno,일반,,,,,,,,,,,,,,,,,,,,,,
231,soul_carriage,영혼 마차,,creature_256,암,중,17,main3,일반,,,,,그림자 밟기,쉐도우볼,언홀리 애로우,언홀리 애로우,쉐도우볼,그림자 밟기,언홀리 애로우,언홀리 애로우,언홀리 애로우,언홀리 애로우,,,,,,,,
232,hellfire_hydra,지옥불 히드라,,creature_253,지옥불,상,48,inferno,일반,,,,,,,,,,,,,,,,,,,,,,
233,water_spirit,물의 정령,,creature_262,수,중,9,temple,일반,,,,,매직 볼트,아이스 실드,매직 볼트,매직 볼트,매직 볼트,매직 볼트,아이스 볼트,매직 볼트,매직 볼트,매직 볼트,110,80,80,5,9,7,13,8
234,giant_crab,거대 게,,creature_268,수,하,5,main2,일반,,,,,물기,물기,물기,물기,가르기,가르기,가르기,가르기,가르기,물기,150,0,150,8,9,10,5,13
235,apocalypse_crab,아포칼립스 게,,creature_269,혼돈,상,31,pandemonium,일반,,,,,,,,,,,,,,,,,,,,,,
236,pegasus,페가수스,,creature_274,명,중,11,temple,일반,,,,,신성한 바람,신성한 바람,신성한 바람,신성한 바람,스타폴,신성한 바람,신성한 바람,신성한 바람,스타폴,신성한 바람,230,110,160,0,12,9,12,16
237,fire_dragon,화룡,,creature_284,화,중,45,main4,일반,,,,,,,,,,,,,,,,,,,,,,
238,phoenix,피닉스,,creature_276,화,중,37,main4,일반,,,,,발화,발화,발화,불의 문신,파이어볼,파이어볼,파이어볼,파이어볼,파이어볼,파이어볼,,,,,,,,
239,green_dragon,그린 드래곤,,creature_270,독,중,42,main4,일반,,,,,,,,,,,,,,,,,,,,,,
240,gold_dragon,골드 드래곤,,creature_281,명,중,46,main4,일반,,,,,,,,,,,,,,,,,,,,,,
241,astral_dragon,아스트랄 드래곤,,creature_290,지옥불,상,49,inferno,일반,,,,,,,,,,,,,,,,,,,,,,
242,mandarin_fish,식인 쏘가리,,creature_287,수,하,25,garden,일반,,,,,,,,,,,,,,,,,,,,,,
243,crocodile,악어,,creature_296,수,중,14,main3,일반,,,,,갑각,찢어발기기,물어뜯기,찢어발기기,물어뜯기,갑각,찢어발기기,물어뜯기,찢어발기기,물어뜯기,,,,,,,,
244,undine,운디네,,creature_295,수,중,26,garden,일반,,,,,,,,,,,,,,,,,,,,,,
245,lycanthrope,라이칸,,creature_293,무,중,20,main3,일반,,,,,할퀴기,할퀴기,재생,함성,찢어발기기,찢어발기기,할퀴기,할퀴기,찢어발기기,할퀴기,할퀴기,,,,,,,
246,ancient_hydra,고대 히드라,,creature_305,독,상,40,forest,forest 보스,,,히드라의 독,,,,,,,,,,,,,,,,,,,
247,bloody_angel,블러디 엔젤,,creature_304,혼돈,중,38,pandemonium,일반,,,,,,,,,,,,,,,,,,,,,,
248,blue_dragon,수룡,,creature_303,수,중,44,main4,일반,,,,,,,,,,,,,,,,,,,,,,
249,claw_spider,집게발 거미,,creature_302,독,하,11,tunnel,일반,,,,,도약,거미줄,독침,도약,도약,거미줄,거미줄,독침,독침,거미줄,130,0,250,11,8,15,6,10
250,dark_knight,어둠의 기사,,creature_307,암,상,34,main4,일반,,,,,,,,,,,,,,,,,,,,,,
251,goblin_sorcerer,고블린 주술사,,creature_308,암,하,17,main3,일반,,,,,집중,저주 의식,독 해골,폭탄,폭탄,독 해골,독 해골,폭탄,폭탄,폭탄,,,,,,,,
252,slime,슬라임,,creature_321,독,하,8,main2,일반,,,,,산성 침,산성 침,산성 침,산성 침,산성 침,산성 침,산성 침,산성 침,산성 침,산성 침,222,0,222,0,11,10,3,10
253,skeleton_soldier,해골 병사,,creature_320,암,하,3,main1,일반,,,,,베기,베기,베기,방어,베기,베기,베기,방어,베기,베기,80,0,50,5,5,5,3,4
254,skeleton_thief,해골 도적,,creature_319,암,하,30,necropolis,일반,,,,,,,,,,,,,,,,,,,,,,
255,skeleton_knight,해골 기사,,creature_317,암,중,36,necropolis,일반,,,,,,,,,,,,,,,,,,,,,,
256,stork,황새,,creature_324,명,중,46,monolith,일반,,,,,,,,,,,,,,,,,,,,,,
257,succubus,서큐버스,,creature_326,암,중,41,inferno,일반,,,,,,,,,,,,,,,,,,,,,,
258,fire_bird,불새,,creature_328,화,중,12,temple,일반,,,,,파이어볼,파이어볼,파이어볼,불의 문신,파이어볼,파이어볼,파이어볼,파이어볼,파이어볼,파이어볼,160,120,160,1,10,10,14,10
259,giant_flies,거대 파리 떼,,creature_329,독,하,6,main2,일반,,,,,물기,물기,물기,감염,물기,회피 기동,물기,물기,감염,물기,200,0,200,3,8,6,5,11
260,spider,독 거미,,creature_332,독,하,8,temple,일반,,,,,독침,거미줄,물기,거미줄,물기,거미줄,독침,거미줄,물기,거미줄,160,25,160,3,10,11,10,11
261,hawk,매,,creature_339,무,하,4,main1,일반,,,,,할퀴기,할퀴기,할퀴기,할퀴기,할퀴기,할퀴기,할퀴기,할퀴기,할퀴기,할퀴기,80,0,50,4,4,8,4,7
262,abyssal_octopus,심해 문어,,creature_335,수,하,33,pandemonium,일반,,,,,,,,,,,,,,,,,,,,,,
263,yellow_spider,노란 거미,,creature_342,독,하,9,main2,일반,,,,,거미줄,거미줄,독침,거미줄,물기,물기,물기,거미줄,물기,물기,140,0,250,8,6,16,8,8
264,little_worm,새끼 벌레,,creature_343,무,중,3,main1,일반,,,,,물기,물기,물기,물기,물기,물기,물기,물기,물기,물기,70,0,30,5,6,6,3,8
265,ego,에고,,creature_344,,,60,monolith,메인던전 보스,,,,,,,,,,,,,,,,,,,,,,
266,water_giant,심해 거인,,creature_346,수,중,31,garden,일반,,,,,,,,,,,,,,,,,,,,,,
267,plague_zombie,역병 좀비,,creature_347,암,하,30,necropolis,일반,,,,,,,,,,,,,,,,,,,,,,
268,maned_wolf,갈기늑대,,creature_353,무,중,9,main2,일반,,,,,물기,박치기,회피 기동,물기,할퀴기,물기,할퀴기,회피 기동,박치기,할퀴기,210,0,300,4,12,13,11,19
269,undead_sorcerer,언데드 마법사,,creature_359,심연,상,39,pandemonium,일반,,,,,,,,,,,,,,,,,,,,,,
270,zombie,좀비,,creature_366,암,하,7,main2,일반,,,,,감염,할퀴기,감염,할퀴기,감염,할퀴기,할퀴기,감염,할퀴기,할퀴기,160,0,80,5,13,9,7,11
271,werewolf,늑대인간,,creature_356,암,중,14,tunnel,일반,,,,,위협,물기,재생,함성,물어뜯기,물어뜯기,재생,물기,물어뜯기,물기,225,30,150,5,14,14,11,15
272,suzaku,주작,,creature_362,플라즈마,상,45,inferno,일반,,,,,,,,,,,,,,,,,,,,,,
273,continent_turtle,대륙 거북,,creature_363,무,상,40,main4,일반,,,,,,,,,,,,,,,,,,,,,,
274,asuna,아스나,,creature_365,암,상,10,main2,네임드,,,역병,,감염,부패,부패,베기,역병,베기,부패,베기,부패,베기,180,60,130,9,13,14,18,13
